<?xml version="1.0" encoding="UTF-8"?><assessmentItem identifier="Present:Present:Ebook" title="" adaptive="false" timeDependent="false" template="default" xmlns="http://www.imsglobal.org/xsd/imsqti_v2p1" xmlns:ns5="http://www.imsglobal.org/xsd/imslip_v1p0" xmlns:ns2="http://www.w3.org/2001/XInclude" xmlns:ns4="http://www.w3.org/1998/Math/MathML" xmlns:ns3="http://www.w3.org/1999/xlink"><outcomeDeclaration identifier="SCORE" cardinality="single" baseType="integer"/><itemBody><div id="rubric"></div><div id="content"><div id="contentblock"><ebook cover="true" offset="2" title="Denken und Rechnen" audiocontrols="false" autosave="false" effects="false"><links></links><pages><page url="http://d3me36hr0bdt58.cloudfront.net/ebooks/8ca1cf6c810d0139849aad91/images/1.jpg" width="800" height="1131"><hotspots><content top="71" left="151" width="100" height="100" icon="icon1"></content></hotspots></page><page url="http://d3me36hr0bdt58.cloudfront.net/ebooks/8ca1cf6c810d0139849aad91/images/2.jpg" width="800" height="1131"><hotspots></hotspots></page><page url="http://d3me36hr0bdt58.cloudfront.net/ebooks/8ca1cf6c810d0139849aad91/images/3.jpg" width="800" height="1131"><hotspots></hotspots></page><page url="http://d3me36hr0bdt58.cloudfront.net/ebooks/8ca1cf6c810d0139849aad91/images/4.jpg" width="800" height="1131"><hotspots></hotspots></page><page url="http://d3me36hr0bdt58.cloudfront.net/ebooks/8ca1cf6c810d0139849aad91/images/5.jpg" width="800" height="1131"><hotspots></hotspots></page><page url="http://d3me36hr0bdt58.cloudfront.net/ebooks/8ca1cf6c810d0139849aad91/images/6.jpg" width="800" height="1131"><hotspots></hotspots></page><page url="http://d3me36hr0bdt58.cloudfront.net/ebooks/8ca1cf6c810d0139849aad91/images/7.jpg" width="800" height="1131"><hotspots></hotspots></page><page url="http://d3me36hr0bdt58.cloudfront.net/ebooks/8ca1cf6c810d0139849aad91/images/8.jpg" width="800" height="1131"><hotspots></hotspots></page><page url="http://d3me36hr0bdt58.cloudfront.net/ebooks/8ca1cf6c810d0139849aad91/images/9.jpg" width="800" height="1131"><hotspots></hotspots></page><page url="http://d3me36hr0bdt58.cloudfront.net/ebooks/8ca1cf6c810d0139849aad91/images/10.jpg" width="800" height="1131"><hotspots></hotspots></page><page url="http://d3me36hr0bdt58.cloudfront.net/ebooks/8ca1cf6c810d0139849aad91/images/11.jpg" width="800" height="1131"><hotspots></hotspots></page><page url="http://d3me36hr0bdt58.cloudfront.net/ebooks/8ca1cf6c810d0139849aad91/images/12.jpg" width="800" height="1131"><hotspots></hotspots></page><page url="http://d3me36hr0bdt58.cloudfront.net/ebooks/8ca1cf6c810d0139849aad91/images/13.jpg" width="800" height="1131"><hotspots></hotspots></page><page url="http://d3me36hr0bdt58.cloudfront.net/ebooks/8ca1cf6c810d0139849aad91/images/14.jpg" width="800" height="1131"><hotspots></hotspots></page><page url="http://d3me36hr0bdt58.cloudfront.net/ebooks/8ca1cf6c810d0139849aad91/images/15.jpg" width="800" height="1131"><hotspots></hotspots></page><page url="http://d3me36hr0bdt58.cloudfront.net/ebooks/8ca1cf6c810d0139849aad91/images/16.jpg" width="800" height="1131"><hotspots></hotspots></page><page url="http://d3me36hr0bdt58.cloudfront.net/ebooks/8ca1cf6c810d0139849aad91/images/17.jpg" width="800" height="1131"><hotspots></hotspots></page><page url="http://d3me36hr0bdt58.cloudfront.net/ebooks/8ca1cf6c810d0139849aad91/images/18.jpg" width="800" height="1131"><hotspots></hotspots></page><page url="http://d3me36hr0bdt58.cloudfront.net/ebooks/8ca1cf6c810d0139849aad91/images/19.jpg" width="800" height="1131"><hotspots></hotspots></page><page url="http://d3me36hr0bdt58.cloudfront.net/ebooks/8ca1cf6c810d0139849aad91/images/20.jpg" width="800" height="1131"><hotspots></hotspots></page><page url="http://d3me36hr0bdt58.cloudfront.net/ebooks/8ca1cf6c810d0139849aad91/images/21.jpg" width="800" height="1131"><hotspots></hotspots></page><page url="http://d3me36hr0bdt58.cloudfront.net/ebooks/8ca1cf6c810d0139849aad91/images/22.jpg" width="800" height="1131"><hotspots></hotspots></page><page url="http://d3me36hr0bdt58.cloudfront.net/ebooks/8ca1cf6c810d0139849aad91/images/23.jpg" width="800" height="1131"><hotspots></hotspots></page><page url="http://d3me36hr0bdt58.cloudfront.net/ebooks/8ca1cf6c810d0139849aad91/images/24.jpg" width="800" height="1131"><hotspots></hotspots></page><page url="http://d3me36hr0bdt58.cloudfront.net/ebooks/8ca1cf6c810d0139849aad91/images/25.jpg" width="800" height="1131"><hotspots></hotspots></page><page url="http://d3me36hr0bdt58.cloudfront.net/ebooks/8ca1cf6c810d0139849aad91/images/26.jpg" width="800" height="1131"><hotspots></hotspots></page><page url="http://d3me36hr0bdt58.cloudfront.net/ebooks/8ca1cf6c810d0139849aad91/images/27.jpg" width="800" height="1131"><hotspots></hotspots></page><page url="http://d3me36hr0bdt58.cloudfront.net/ebooks/8ca1cf6c810d0139849aad91/images/28.jpg" width="800" height="1131"><hotspots></hotspots></page><page url="http://d3me36hr0bdt58.cloudfront.net/ebooks/8ca1cf6c810d0139849aad91/images/29.jpg" width="800" height="1131"><hotspots></hotspots></page><page url="http://d3me36hr0bdt58.cloudfront.net/ebooks/8ca1cf6c810d0139849aad91/images/30.jpg" width="800" height="1131"><hotspots></hotspots></page><page url="http://d3me36hr0bdt58.cloudfront.net/ebooks/8ca1cf6c810d0139849aad91/images/31.jpg" width="800" height="1131"><hotspots></hotspots></page><page url="http://d3me36hr0bdt58.cloudfront.net/ebooks/8ca1cf6c810d0139849aad91/images/32.jpg" width="800" height="1131"><hotspots></hotspots></page><page url="http://d3me36hr0bdt58.cloudfront.net/ebooks/8ca1cf6c810d0139849aad91/images/33.jpg" width="800" height="1131"><hotspots></hotspots></page><page url="http://d3me36hr0bdt58.cloudfront.net/ebooks/8ca1cf6c810d0139849aad91/images/34.jpg" width="800" height="1131"><hotspots></hotspots></page><page url="http://d3me36hr0bdt58.cloudfront.net/ebooks/8ca1cf6c810d0139849aad91/images/35.jpg" width="800" height="1131"><hotspots></hotspots></page><page url="http://d3me36hr0bdt58.cloudfront.net/ebooks/8ca1cf6c810d0139849aad91/images/36.jpg" width="800" height="1131"><hotspots></hotspots></page><page url="http://d3me36hr0bdt58.cloudfront.net/ebooks/8ca1cf6c810d0139849aad91/images/37.jpg" width="800" height="1131"><hotspots></hotspots></page><page url="http://d3me36hr0bdt58.cloudfront.net/ebooks/8ca1cf6c810d0139849aad91/images/38.jpg" width="800" height="1131"><hotspots></hotspots></page><page url="http://d3me36hr0bdt58.cloudfront.net/ebooks/8ca1cf6c810d0139849aad91/images/39.jpg" width="800" height="1131"><hotspots></hotspots></page><page url="http://d3me36hr0bdt58.cloudfront.net/ebooks/8ca1cf6c810d0139849aad91/images/40.jpg" width="800" height="1131"><hotspots></hotspots></page><page url="http://d3me36hr0bdt58.cloudfront.net/ebooks/8ca1cf6c810d0139849aad91/images/41.jpg" width="800" height="1131"><hotspots></hotspots></page><page url="http://d3me36hr0bdt58.cloudfront.net/ebooks/8ca1cf6c810d0139849aad91/images/42.jpg" width="800" height="1131"><hotspots></hotspots></page><page url="http://d3me36hr0bdt58.cloudfront.net/ebooks/8ca1cf6c810d0139849aad91/images/43.jpg" width="800" height="1131"><hotspots></hotspots></page><page url="http://d3me36hr0bdt58.cloudfront.net/ebooks/8ca1cf6c810d0139849aad91/images/44.jpg" width="800" height="1131"><hotspots></hotspots></page><page url="http://d3me36hr0bdt58.cloudfront.net/ebooks/8ca1cf6c810d0139849aad91/images/45.jpg" width="800" height="1131"><hotspots></hotspots></page><page url="http://d3me36hr0bdt58.cloudfront.net/ebooks/8ca1cf6c810d0139849aad91/images/46.jpg" width="800" height="1131"><hotspots></hotspots></page><page url="http://d3me36hr0bdt58.cloudfront.net/ebooks/8ca1cf6c810d0139849aad91/images/47.jpg" width="800" height="1131"><hotspots></hotspots></page><page url="http://d3me36hr0bdt58.cloudfront.net/ebooks/8ca1cf6c810d0139849aad91/images/48.jpg" width="800" height="1131"><hotspots></hotspots></page><page url="http://d3me36hr0bdt58.cloudfront.net/ebooks/8ca1cf6c810d0139849aad91/images/49.jpg" width="800" height="1131"><hotspots></hotspots></page><page url="http://d3me36hr0bdt58.cloudfront.net/ebooks/8ca1cf6c810d0139849aad91/images/50.jpg" width="800" height="1131"><hotspots></hotspots></page><page url="http://d3me36hr0bdt58.cloudfront.net/ebooks/8ca1cf6c810d0139849aad91/images/51.jpg" width="800" height="1131"><hotspots></hotspots></page><page url="http://d3me36hr0bdt58.cloudfront.net/ebooks/8ca1cf6c810d0139849aad91/images/52.jpg" width="800" height="1131"><hotspots></hotspots></page><page url="http://d3me36hr0bdt58.cloudfront.net/ebooks/8ca1cf6c810d0139849aad91/images/53.jpg" width="800" height="1131"><hotspots></hotspots></page><page url="http://d3me36hr0bdt58.cloudfront.net/ebooks/8ca1cf6c810d0139849aad91/images/54.jpg" width="800" height="1131"><hotspots></hotspots></page><page url="http://d3me36hr0bdt58.cloudfront.net/ebooks/8ca1cf6c810d0139849aad91/images/55.jpg" width="800" height="1131"><hotspots></hotspots></page><page url="http://d3me36hr0bdt58.cloudfront.net/ebooks/8ca1cf6c810d0139849aad91/images/56.jpg" width="800" height="1131"><hotspots></hotspots></page><page url="http://d3me36hr0bdt58.cloudfront.net/ebooks/8ca1cf6c810d0139849aad91/images/57.jpg" width="800" height="1131"><hotspots></hotspots></page><page url="http://d3me36hr0bdt58.cloudfront.net/ebooks/8ca1cf6c810d0139849aad91/images/58.jpg" width="800" height="1131"><hotspots></hotspots></page><page url="http://d3me36hr0bdt58.cloudfront.net/ebooks/8ca1cf6c810d0139849aad91/images/59.jpg" width="800" height="1131"><hotspots></hotspots></page><page url="http://d3me36hr0bdt58.cloudfront.net/ebooks/8ca1cf6c810d0139849aad91/images/60.jpg" width="800" height="1131"><hotspots></hotspots></page><page url="http://d3me36hr0bdt58.cloudfront.net/ebooks/8ca1cf6c810d0139849aad91/images/61.jpg" width="800" height="1131"><hotspots></hotspots></page><page url="http://d3me36hr0bdt58.cloudfront.net/ebooks/8ca1cf6c810d0139849aad91/images/62.jpg" width="800" height="1131"><hotspots></hotspots></page><page url="http://d3me36hr0bdt58.cloudfront.net/ebooks/8ca1cf6c810d0139849aad91/images/63.jpg" width="800" height="1131"><hotspots></hotspots></page><page url="http://d3me36hr0bdt58.cloudfront.net/ebooks/8ca1cf6c810d0139849aad91/images/64.jpg" width="800" height="1131"><hotspots></hotspots></page><page url="http://d3me36hr0bdt58.cloudfront.net/ebooks/8ca1cf6c810d0139849aad91/images/65.jpg" width="800" height="1131"><hotspots></hotspots></page><page url="http://d3me36hr0bdt58.cloudfront.net/ebooks/8ca1cf6c810d0139849aad91/images/66.jpg" width="800" height="1131"><hotspots></hotspots></page><page url="http://d3me36hr0bdt58.cloudfront.net/ebooks/8ca1cf6c810d0139849aad91/images/67.jpg" width="800" height="1131"><hotspots></hotspots></page><page url="http://d3me36hr0bdt58.cloudfront.net/ebooks/8ca1cf6c810d0139849aad91/images/68.jpg" width="800" height="1131"><hotspots></hotspots></page><page url="http://d3me36hr0bdt58.cloudfront.net/ebooks/8ca1cf6c810d0139849aad91/images/69.jpg" width="800" height="1131"><hotspots></hotspots></page><page url="http://d3me36hr0bdt58.cloudfront.net/ebooks/8ca1cf6c810d0139849aad91/images/70.jpg" width="800" height="1131"><hotspots></hotspots></page><page url="http://d3me36hr0bdt58.cloudfront.net/ebooks/8ca1cf6c810d0139849aad91/images/71.jpg" width="800" height="1131"><hotspots></hotspots></page><page url="http://d3me36hr0bdt58.cloudfront.net/ebooks/8ca1cf6c810d0139849aad91/images/72.jpg" width="800" height="1131"><hotspots></hotspots></page><page url="http://d3me36hr0bdt58.cloudfront.net/ebooks/8ca1cf6c810d0139849aad91/images/73.jpg" width="800" height="1131"><hotspots></hotspots></page><page url="http://d3me36hr0bdt58.cloudfront.net/ebooks/8ca1cf6c810d0139849aad91/images/74.jpg" width="800" height="1131"><hotspots></hotspots></page><page url="http://d3me36hr0bdt58.cloudfront.net/ebooks/8ca1cf6c810d0139849aad91/images/75.jpg" width="800" height="1131"><hotspots></hotspots></page><page url="http://d3me36hr0bdt58.cloudfront.net/ebooks/8ca1cf6c810d0139849aad91/images/76.jpg" width="800" height="1131"><hotspots></hotspots></page><page url="http://d3me36hr0bdt58.cloudfront.net/ebooks/8ca1cf6c810d0139849aad91/images/77.jpg" width="800" height="1131"><hotspots></hotspots></page><page url="http://d3me36hr0bdt58.cloudfront.net/ebooks/8ca1cf6c810d0139849aad91/images/78.jpg" width="800" height="1131"><hotspots></hotspots></page><page url="http://d3me36hr0bdt58.cloudfront.net/ebooks/8ca1cf6c810d0139849aad91/images/79.jpg" width="800" height="1131"><hotspots></hotspots></page><page url="http://d3me36hr0bdt58.cloudfront.net/ebooks/8ca1cf6c810d0139849aad91/images/80.jpg" width="800" height="1131"><hotspots></hotspots></page><page url="http://d3me36hr0bdt58.cloudfront.net/ebooks/8ca1cf6c810d0139849aad91/images/81.jpg" width="800" height="1131"><hotspots></hotspots></page><page url="http://d3me36hr0bdt58.cloudfront.net/ebooks/8ca1cf6c810d0139849aad91/images/82.jpg" width="800" height="1131"><hotspots></hotspots></page><page url="http://d3me36hr0bdt58.cloudfront.net/ebooks/8ca1cf6c810d0139849aad91/images/83.jpg" width="800" height="1131"><hotspots></hotspots></page><page url="http://d3me36hr0bdt58.cloudfront.net/ebooks/8ca1cf6c810d0139849aad91/images/84.jpg" width="800" height="1131"><hotspots></hotspots></page><page url="http://d3me36hr0bdt58.cloudfront.net/ebooks/8ca1cf6c810d0139849aad91/images/85.jpg" width="800" height="1131"><hotspots></hotspots></page><page url="http://d3me36hr0bdt58.cloudfront.net/ebooks/8ca1cf6c810d0139849aad91/images/86.jpg" width="800" height="1131"><hotspots></hotspots></page><page url="http://d3me36hr0bdt58.cloudfront.net/ebooks/8ca1cf6c810d0139849aad91/images/87.jpg" width="800" height="1131"><hotspots></hotspots></page><page url="http://d3me36hr0bdt58.cloudfront.net/ebooks/8ca1cf6c810d0139849aad91/images/88.jpg" width="800" height="1131"><hotspots></hotspots></page><page url="http://d3me36hr0bdt58.cloudfront.net/ebooks/8ca1cf6c810d0139849aad91/images/89.jpg" width="800" height="1131"><hotspots></hotspots></page><page url="http://d3me36hr0bdt58.cloudfront.net/ebooks/8ca1cf6c810d0139849aad91/images/90.jpg" width="800" height="1131"><hotspots></hotspots></page><page url="http://d3me36hr0bdt58.cloudfront.net/ebooks/8ca1cf6c810d0139849aad91/images/91.jpg" width="800" height="1131"><hotspots></hotspots></page><page url="http://d3me36hr0bdt58.cloudfront.net/ebooks/8ca1cf6c810d0139849aad91/images/92.jpg" width="800" height="1131"><hotspots></hotspots></page><page url="http://d3me36hr0bdt58.cloudfront.net/ebooks/8ca1cf6c810d0139849aad91/images/93.jpg" width="800" height="1131"><hotspots></hotspots></page><page url="http://d3me36hr0bdt58.cloudfront.net/ebooks/8ca1cf6c810d0139849aad91/images/94.jpg" width="800" height="1131"><hotspots></hotspots></page><page url="http://d3me36hr0bdt58.cloudfront.net/ebooks/8ca1cf6c810d0139849aad91/images/95.jpg" width="800" height="1131"><hotspots></hotspots></page><page url="http://d3me36hr0bdt58.cloudfront.net/ebooks/8ca1cf6c810d0139849aad91/images/96.jpg" width="800" height="1131"><hotspots></hotspots></page><page url="http://d3me36hr0bdt58.cloudfront.net/ebooks/8ca1cf6c810d0139849aad91/images/97.jpg" width="800" height="1131"><hotspots></hotspots></page><page url="http://d3me36hr0bdt58.cloudfront.net/ebooks/8ca1cf6c810d0139849aad91/images/98.jpg" width="800" height="1131"><hotspots></hotspots></page><page url="http://d3me36hr0bdt58.cloudfront.net/ebooks/8ca1cf6c810d0139849aad91/images/99.jpg" width="800" height="1131"><hotspots></hotspots></page><page url="http://d3me36hr0bdt58.cloudfront.net/ebooks/8ca1cf6c810d0139849aad91/images/100.jpg" width="800" height="1131"><hotspots></hotspots></page><page url="http://d3me36hr0bdt58.cloudfront.net/ebooks/8ca1cf6c810d0139849aad91/images/101.jpg" width="800" height="1131"><hotspots></hotspots></page><page url="http://d3me36hr0bdt58.cloudfront.net/ebooks/8ca1cf6c810d0139849aad91/images/102.jpg" width="800" height="1131"><hotspots></hotspots></page><page url="http://d3me36hr0bdt58.cloudfront.net/ebooks/8ca1cf6c810d0139849aad91/images/103.jpg" width="800" height="1131"><hotspots></hotspots></page><page url="http://d3me36hr0bdt58.cloudfront.net/ebooks/8ca1cf6c810d0139849aad91/images/104.jpg" width="800" height="1131"><hotspots></hotspots></page><page url="http://d3me36hr0bdt58.cloudfront.net/ebooks/8ca1cf6c810d0139849aad91/images/105.jpg" width="800" height="1131"><hotspots></hotspots></page><page url="http://d3me36hr0bdt58.cloudfront.net/ebooks/8ca1cf6c810d0139849aad91/images/106.jpg" width="800" height="1131"><hotspots></hotspots></page><page url="http://d3me36hr0bdt58.cloudfront.net/ebooks/8ca1cf6c810d0139849aad91/images/107.jpg" width="800" height="1131"><hotspots></hotspots></page><page url="http://d3me36hr0bdt58.cloudfront.net/ebooks/8ca1cf6c810d0139849aad91/images/108.jpg" width="800" height="1131"><hotspots></hotspots></page><page url="http://d3me36hr0bdt58.cloudfront.net/ebooks/8ca1cf6c810d0139849aad91/images/109.jpg" width="800" height="1131"><hotspots></hotspots></page><page url="http://d3me36hr0bdt58.cloudfront.net/ebooks/8ca1cf6c810d0139849aad91/images/110.jpg" width="800" height="1131"><hotspots></hotspots></page><page url="http://d3me36hr0bdt58.cloudfront.net/ebooks/8ca1cf6c810d0139849aad91/images/111.jpg" width="800" height="1131"><hotspots></hotspots></page><page url="http://d3me36hr0bdt58.cloudfront.net/ebooks/8ca1cf6c810d0139849aad91/images/112.jpg" width="800" height="1131"><hotspots></hotspots></page><page url="http://d3me36hr0bdt58.cloudfront.net/ebooks/8ca1cf6c810d0139849aad91/images/113.jpg" width="800" height="1131"><hotspots></hotspots></page><page url="http://d3me36hr0bdt58.cloudfront.net/ebooks/8ca1cf6c810d0139849aad91/images/114.jpg" width="800" height="1131"><hotspots></hotspots></page><page url="http://d3me36hr0bdt58.cloudfront.net/ebooks/8ca1cf6c810d0139849aad91/images/115.jpg" width="800" height="1131"><hotspots></hotspots></page><page url="http://d3me36hr0bdt58.cloudfront.net/ebooks/8ca1cf6c810d0139849aad91/images/116.jpg" width="800" height="1131"><hotspots></hotspots></page><page url="http://d3me36hr0bdt58.cloudfront.net/ebooks/8ca1cf6c810d0139849aad91/images/117.jpg" width="800" height="1131"><hotspots></hotspots></page><page url="http://d3me36hr0bdt58.cloudfront.net/ebooks/8ca1cf6c810d0139849aad91/images/118.jpg" width="800" height="1131"><hotspots></hotspots></page><page url="http://d3me36hr0bdt58.cloudfront.net/ebooks/8ca1cf6c810d0139849aad91/images/119.jpg" width="800" height="1131"><hotspots></hotspots></page><page url="http://d3me36hr0bdt58.cloudfront.net/ebooks/8ca1cf6c810d0139849aad91/images/120.jpg" width="800" height="1131"><hotspots></hotspots></page><page url="http://d3me36hr0bdt58.cloudfront.net/ebooks/8ca1cf6c810d0139849aad91/images/121.jpg" width="800" height="1131"><hotspots></hotspots></page><page url="http://d3me36hr0bdt58.cloudfront.net/ebooks/8ca1cf6c810d0139849aad91/images/122.jpg" width="800" height="1131"><hotspots></hotspots></page><page url="http://d3me36hr0bdt58.cloudfront.net/ebooks/8ca1cf6c810d0139849aad91/images/123.jpg" width="800" height="1131"><hotspots></hotspots></page><page url="http://d3me36hr0bdt58.cloudfront.net/ebooks/8ca1cf6c810d0139849aad91/images/124.jpg" width="800" height="1131"><hotspots></hotspots></page></pages><toc>Unit 1 [1, page 1]
	Chapter 1 [2]
	Chapter 2 [3, page 3]</toc></ebook></div></div><div id="options"/><div id="media"></div></itemBody></assessmentItem>
