{"body.html": "<div id=\"content_wrap\">\n  <div class=\"gui-landmark header\">\n    <h1 class=\"title gui-landmark\">New Digital Book Title</h1>\n    <ul class=\"controls gui-linkbar gui-landmark\">\n      <li class=\"link nonlink-copyright\">\u00a9 Oxford University Press</li>\n      <li class=\"link link-help gui-control\"><a href=\"#\" target=\"_blank\">Help</a></li>\n    </ul>\n  </div>\n</div>\n", "templates/default.html": "<div id=\"rubric\" class=\"activity_media\">\n</div>\n\n<div id=\"content\" style=\"\" class=\"activity_media\">\n</div>\n", "skinTemplates/a5.view.Notebook.handlebars": "<div class=\"notebook ebook-notes\">\n  <div class=\"modal-header\">\n    <div class=\"notebook-toolbar\">\n      <h3>Notebook</h3>\n      <button class=\"btn-close\" title=\"Close\"></button>\n      <button class=\"btn-export\" title=\"Export\"></button>\n    </div>\n    <div class=\"notebook-navigation\">\n      <button class=\"scroller btn-prev\" title=\"Previous\"></button>\n      <ul class=\"notebook-tabs\"></ul>\n      <button class=\"scroller btn-next\" title=\"Next\"></button>\n    </div>\n  </div>\n  <div class=\"modal-body\">\n    <div class=\"notebook-notes\"></div>\n  </div>\n</div>\n", "skinTemplates/a5.view.dialog.ExportFormatSelect.handlebars": "{{#*inline \"export-format\"}}\n  <div class=\"export-format\" data-format=\"{{format}}\">\n    <span class=\"title\">{{format}}</title>\n  </div>\n{{/inline}}\n<div class=\"export-format-heading\">\n  <span class=\"file-format\">FILE FORMAT</span>\n</div>\n<div class=\"export-format-list\">\n  {{#each formats as |format|}}\n    {{>export-format format=format}}\n  {{/each}}\n</div>\n<div class=\"last-buttons\">\n  <a href=\"#\" class=\"btn-download\">Download</a>\n</div>\n", "head.html": "<link rel=\"stylesheet\" href=\"css/custom.css\" type=\"text/css\" media=\"screen\"/>", "skinTemplates/a5.view.NotebookTab.handlebars": "<form class=\"go-note-page\">\n  <input type=\"number\" class=\"current-note-page\" placeholder=\"{{page}}\" autocomplete=\"off\" />\n</form>\n", "popup.html": "<!DOCTYPE HTML>\n<html lang=\"en\">\n  <head>\n    <meta http-equiv=\"Content-type\" content=\"text/html; charset=utf-8\" />\n\t<link rel=\"stylesheet\" type=\"text/css\" href=\"css/reset.css\" />\n\t<link rel=\"stylesheet\" type=\"text/css\" href=\"css/default.css\" />\n\t<link rel=\"stylesheet\" href=\"css/css3-buttons.css\" type=\"text/css\" media=\"screen\" />\n\t<link rel=\"stylesheet\" type=\"text/css\" href=\"css/default.css\"/>\n\t<link rel=\"stylesheet\" type=\"text/css\" href=\"css/custom.css\"/>\n\t<link rel=\"stylesheet\" type=\"text/css\" href=\"css/ie.css\" data-browser=\"isIE\"/>  \t\n    <title>Popup</title>\n  </head>\n  <body onload=\"window.opener.a5_getPopupContent(window)\">\n  </body>\n</html>\n", "skinTemplates/a5.view.controls.Bar.handlebars": "<div id=\"page_controls\">\n  <a id=\"btn_previous\" data-event=\"previous\" class=\"btn button-pagination previous-page\" href=\"#\" title=\"Go to previous screen\"><span>Previous Page</span></a>\n  <div class=\"pagination\">\n    <div class=\"status-indicator\">\n      <div class=\"scoredisplay\">\n        Score: \n        <span class=\"scorebox\">\n          <span class=\"current-score\"></span>\n          <span> / </span>\n          <span class=\"total-score\"></span>\n        </span>\n      </div>\n    </div>\n    <div class=\"page-indicator\">\n      Page <span class=\"current-page\"></span> of <span class=\"last-page\"></span>\n    </div>\n    <div class=\"page-dots\"></div>\n\n    {{#if screenSelection}}\n      <div id=\"navigation_popup\">\n        <a id=\"navigation-close\"></a>\n        {{#each interactions}}\n          <div class=\"\" data-interaction=\"{{this.index}}\">{{this.name}}</div>\n        {{/each}}\n      </div>\n    {{/if}}\n  </div>\n  <a id=\"btn_forward\" data-event=\"forward\" class=\"btn button-pagination next-page\" href=\"#\" title=\"Go to next screen\"><span>Next Page</span></a>\n</div>\n\n<div class=\"nonpage_controls\">\n  <div id=\"micro_controls\">\n    <a data-event=\"signal\" class=\"btn\" href=\"#\" title=\"Show incorrect words\">Show incorrect words</a>\n    <a data-event=\"hide_signal\" class=\"btn\" href=\"#\" title=\"Hide incorrect words\">Hide incorrect words</a>\n    <a data-event=\"answers\" class=\"btn\" href=\"#\" title=\"Show correct answers\">See answers</a>\n    <a data-event=\"retry\" class=\"btn\" href=\"#\" title=\"Clear answers\">Try again</a>\n    <a data-event=\"reset\" class=\"btn\" href=\"#\" title=\"Clear all answers\">Start again</a>\n    <a data-event=\"reveal\" class=\"btn\" href=\"#\" title=\"Reveal hidden item\">Reveal</a>\n    <a data-event=\"hide\" class=\"btn\" href=\"#\" title=\"Hide revealed items\">Hide</a>\n    <a data-event=\"save\" class=\"btn\" href=\"#\" title=\"Click to save your work\">Save</a>\n    <a data-event=\"boxdrop\" class=\"btn\" href=\"#\" title=\"Drop the current box\">Drop!</a>\n    <a data-event=\"pauseboxdrop\" class=\"btn\" href=\"#\" title=\"Pause the interaction\">\n      <span class=\"boxdrop-label-pause\">Pause</span>\n      <span class=\"boxdrop-label-play\">Play</span>\n    </a>\n    <a data-event=\"hints\" class=\"btn\" href=\"#\" title=\"Click to show hints\">\n      <span class=\"hint-label hint-1\">Hint One</span>\n      <span class=\"hint-label hint-2\">Hint Two</span>\n    </a>\n    <a data-event=\"mic_settings\" class=\"btn\" href=\"#\" title=\"Click to open the microphone settings\">Mic Settings</a>\n\n    <a data-event=\"special_chars\" class=\"btn\" href=\"#\">Special characters</a>\n    <a data-event=\"export\" class=\"btn\" href=\"#\" title=\"Export activity\">Export</a>\n\n  </div>\n\n  <div id=\"macro_controls\">\n    <a data-event=\"check\" class=\"btn\" href=\"#\" title=\"Submit answers for marking\">Check answers</a>\n    <a data-event=\"results\" class=\"btn\" href=\"#\" title=\"\">Results</a>\n    <a data-event=\"exercises\" class=\"btn\" href=\"#\" title=\"\">Review anwsers</a>\n    <a data-event=\"sendscores\" class=\"btn\" href=\"#\" title=\"\">Send scores</a>\n    <a data-event=\"submit\" class=\"btn btn-primary\" href=\"#\" title=\"Submit to Gradebook\">Submit</a>\n  </div>\n</div>\n", "contentElements.html": "<div id=\"page\">\n  <div id=\"activity\" class=\"keyingin\">\n      <div id=\"reference_toolbar\"><!--FOR INCLUDING REFERENCE FILES OR TOOLS (currently a div as undecided if it will go at top or bottom - rename as <header> or <footer> as appropriate)-->\n          <a class=\"act_head_button\" href=\"#\" title=\"Opens new window\">Wordlist</a>\n          <a class=\"act_head_button\" href=\"#\" title=\"Opens new window\">Grammar reference</a>\n          <a class=\"act_head_button\" href=\"#\" title=\"Opens new window\">Irregular verbs</a>\n          <div class=\"dropdown\">\n              <a href=\"#\" class=\"act_head_button\"><span class=\"label\">Tools</span><span class=\"toggle\"></span></a>\n              <div class=\"dropdown-slider\">\n                  <a href=\"#\" class=\"ddm\"><span class=\"label\">Drawing tools</span></a>\n                  <a href=\"#\" class=\"ddm\"><span class=\"label\">Post-it note</span></a>\n                  <a href=\"#\" class=\"ddm\"><span class=\"label\">Text checker</span></a>\n                  <a href=\"#\" class=\"ddm\"><span class=\"label\">On-screen keyboard</span></a>\n              </div> <!-- /.dropdown-slider -->\n          </div> <!-- /.dropdown -->\n\n\n        <!--##phoneme_button_box## begin-->\n      <div class=\"toolbar_tray phoneme nef_phoneme\">\n\n      <div class=\"vowel_box\">\n\n          <div class=\"single_vowel_box\">\n            <header>\n              <h1>Vowels</h1>\n              <div class=\"phoneme_label p_l_short\"><p>short vowels</p></div>\n              <div class=\"phoneme_label p_l_long\"><p>long vowels</p></div>\n            </header>\n\n\n            <div class=\"tile tile_01 vowel short_vowel\">\n            </div>\n            <div class=\"tile tile_02 vowel long_vowel\">\n            </div>\n\n            <div class=\"tile tile_03 vowel short_vowel\">\n            </div>\n            <div class=\"tile tile_04 vowel long_vowel\">\n            </div>\n\n            <div class=\"tile tile_05 vowel short_vowel\">\n            </div>\n            <div class=\"tile tile_06 vowel long_vowel\">\n            </div>\n\n            <div class=\"tile tile_07 vowel short_vowel\">\n            </div>\n            <div class=\"tile tile_08 vowel long_vowel\">\n            </div>\n\n            <div class=\"tile tile_09 vowel short_vowel\">\n            </div>\n            <div class=\"tile tile_10 vowel long_vowel\">\n            </div>\n\n            <div class=\"tile tile_11 vowel short_vowel\">\n            </div>\n            <div class=\"tile tile_12 vowel short_vowel\">\n            </div>\n\n          </div>\n\n          <div class=\"dipthong_box\">\n            <header>\n              <h1>Dipthongs</h1>\n            </header>\n\n\n            <div class=\"tile tile_13 vowel dipthong\">\n            </div>\n\n            <div class=\"tile tile_14 vowel dipthong\">\n            </div>\n\n            <div class=\"tile tile_15 vowel dipthong\">\n            </div>\n\n            <div class=\"tile tile_16 vowel dipthong\">\n            </div>\n\n            <div class=\"tile tile_17 vowel dipthong\">\n            </div>\n\n            <div class=\"tile tile_18 vowel dipthong\">\n            </div>\n\n            <div class=\"tile tile_19 vowel dipthong\">\n            </div>\n\n            <div class=\"tile tile_20 vowel dipthong\">\n            </div>\n\n          </div>\n\n        </div>\n\n        <div class=\"consonant_box\">\n          <header>\n            <h1>Consonants</h1>\n            <div class=\"phoneme_label p_l_voiced\"><p>voiced</p></div>\n            <div class=\"phoneme_label p_l_unvoiced\"><p>unvoiced</p></div>\n          </header>\n\n          <div class=\"consonant_group1_box\">\n\n            <div class=\"tile tile_21 consonant unvoiced\">\n            </div>\n            <div class=\"tile tile_22 consonant voiced\">\n            </div>\n\n            <div class=\"tile tile_23 consonant unvoiced\">\n            </div>\n            <div class=\"tile tile_24 consonant voiced\">\n            </div>\n\n            <div class=\"tile tile_25 consonant unvoiced\">\n            </div>\n            <div class=\"tile tile_26 consonant voiced\">\n            </div>\n\n            <div class=\"tile tile_27 consonant unvoiced\">\n            </div>\n            <div class=\"tile tile_28 consonant voiced\">\n            </div>\n\n            <div class=\"tile tile_29 consonant unvoiced\">\n            </div>\n            <div class=\"tile tile_30 consonant voiced\">\n            </div>\n\n            <div class=\"tile tile_31 consonant unvoiced\">\n            </div>\n            <div class=\"tile tile_32 consonant voiced\">\n            </div>\n\n            <div class=\"tile tile_33 consonant unvoiced\">\n            </div>\n            <div class=\"tile tile_34 consonant voiced\">\n            </div>\n\n            <div class=\"tile tile_35 consonant unvoiced\">\n            </div>\n            <div class=\"tile tile_36 consonant voiced\">\n            </div>\n\n          </div>\n\n          <div class=\"consonant_group2_box\">\n\n            <div class=\"tile tile_37 consonant voiced\">\n            </div>\n\n            <div class=\"tile tile_38 consonant voiced\">\n            </div>\n\n            <div class=\"tile tile_39 consonant voiced\">\n            </div>\n\n            <div class=\"tile tile_40 consonant voiced\">\n            </div>\n\n            <div class=\"tile tile_41 consonant voiced\">\n            </div>\n\n            <div class=\"tile tile_42 consonant voiced\">\n            </div>\n\n            <div class=\"tile tile_43 consonant voiced\">\n            </div>\n\n            <div class=\"tile tile_44 consonant unvoiced\">\n            </div>\n\n\n          </div>\n\n        </div>\n      </div>\n      <!--##phoneme_button_box## begin-->\n\n\n        <!--##phoneme_button## begin-->\n        <a class=\"act_head_button act_head_button_with_icon phoneme_button\" href=\"#\">Sound chart</a>\n        <!--##phoneme_button## begin-->\n\n        <!--##dictionary_searchbar## begin-->\n      <div class=\"dictionary_searchbar\">\n        <div class=\"hideonload\" style=\"display: none;\">\n          <input type=\"text\" placeholder=\"Search for word\" class=\"search_field\"/><a></a>\n        </div>\n      </div>\n      <!--##dictionary_searchbar## end-->\n\n      </div>\n      <div id=\"content_wrap\">\n          <div id=\"rubric\">\n              <p>Complete the dialogue. Use the past simple or present perfect form of the verbs in brackets.</p>\n          </div><!--END #rubric-->\n          <div id=\"content\">\n\n            <!--##popupki24## begin-->\n              <div class=\"tc_popup\">\n                <a class=\"close\"></a>\n                <h1></h1>\n                <input type=\"text\" placeholder=\"type correct word\"/>\n                <a href=\"#\">Submit</a>\n              </div>\n            <!--##popupki24## end-->\n\n              <!--##highlighter_toolbar## begin-->\n              <div id=\"highlighter_container\">\n                  <!--##highlighter_toolbar_item## begin-->\n                  <div class=\"highlighter\"><span>A</span><!--##highlighter_toolbar_item_caption## begin-->Adverbs<!--##highlighter_toolbar_item_caption## end--></div>\n                  <!--##highlighter_toolbar_item## end-->\n                  <div style='clear:both'></div>\n              </div>\n              <!--##highlighter_toolbar## end-->\n\n\n              <!--##input_prefill_item## begin-->\n              <span class=\"prefill\">##value##</span>\n              <!--##input_prefill_item## end-->\n\n              <!--##dropdown_prefill_item## begin-->\n              <span class=\"prefill\">##value##</span>\n              <!--##dropdown_prefill_item## end-->\n\n\n          <!--##pelmanism_card_img1-lay1## begin-->img1-lay1<!--##pelmanism_card_img1-lay1## end-->\n          <!--##pelmanism_card_img1-lay2## begin-->img1-lay2<!--##pelmanism_card_img1-lay2## end-->\n          <!--##pelmanism_card_img1-lay3## begin-->img1-lay3<!--##pelmanism_card_img1-lay3## end-->\n          <!--##pelmanism_card_img1-lay4## begin-->img1-lay4<!--##pelmanism_card_img1-lay4## end-->\n          <!--##pelmanism_card_img2-lay1## begin-->img2-lay1<!--##pelmanism_card_img2-lay1## end-->\n          <!--##pelmanism_card_img2-lay2## begin-->img2-lay2<!--##pelmanism_card_img2-lay2## end-->\n          <!--##pelmanism_card_img2-lay3## begin-->img2-lay3<!--##pelmanism_card_img2-lay3## end-->\n          <!--##pelmanism_card_img2-lay4## begin-->img2-lay4<!--##pelmanism_card_img2-lay4## end-->\n\n          <!--##pelmanism_card_layout-1## begin-->layout-1<!--##pelmanism_card_layout-1## end-->\n          <!--##pelmanism_card_layout-2## begin-->layout-2<!--##pelmanism_card_layout-2## end-->\n          <!--##pelmanism_card_layout-3## begin-->layout-3<!--##pelmanism_card_layout-3## end-->\n          <!--##pelmanism_card_layout-4## begin-->layout-4<!--##pelmanism_card_layout-4## end-->\n\n\n          <!--##pelmanism_card## begin-->\n              <div class=\"click panel\">\n                <div><div class=\"front\">\n                  <table>\n                    <tbody>\n                      <tr>\n                        <td>\n                          <!--##pelmanism_card_front## begin--><!--##pelmanism_card_front## end-->\n                        </td>\n                      </tr>\n                    </tbody>\n                  </table>\n                </div>\n                <div class=\"back\">\n                  <table>\n                    <tbody>\n                      <tr>\n                        <td>\n                          <!--##pelmanism_card_back## begin--><!--##pelmanism_card_back## end-->\n                        </td>\n                      </tr>\n                    </tbody>\n                  </table>\n                </div></div>\n              </div>\n              <!--##pelmanism_card## end-->\n\n\n              <!--##flashcards## begin-->\n              <div class=\"click panel flip\">\n                <div><div class=\"front\">\n                  <table>\n                    <tbody>\n                      <tr>\n                        <td>\n                          <!--##flashcard_front## begin--><!--##flashcard_front## end-->\n                        </td>\n                      </tr>\n                    </tbody>\n                  </table>\n                </div>\n                <div class=\"back\">\n                  <table>\n                    <tbody>\n                      <tr>\n                        <td>\n                          <!--##flashcard_back## begin--><p>Play tennis</p><!--##flashcard_back## end-->\n                        </td>\n                      </tr>\n                    </tbody>\n                  </table>\n                </div></div>\n              </div>\n              <!--##flashcards## end-->\n\n              <!--##maze## begin-->\n              <div class=\"click panel image-choice\">\n                <div class=\"front\">\n                   <!--##maze_front## begin--><!--##maze_front## end-->\n                </div>\n                <div class=\"back\">\n                  <!--##maze_back## begin--><p>Play tennis</p><!--##maze_back## end-->\n                </div>\n              </div>\n              <!--##maze## end-->\n\n              <!--##crossword-cell-size## begin-->24<!--##crossword-cell-size## end-->\n\n              <!--##crossword-hint## begin-->\n              <span class=\"hint\">##hint##</span>\n              <!--##crossword-hint## end-->\n\n              <!--##crossword-hint-layer## begin-->\n              <div class=\"hintLayer\">\n                  <!--##crossword-hint-layer-content## begin-->\n                      <!--##crossword-hint-layer-content-text## begin-->\n                      <div class=\"hint-text\">##content##</div>\n                      <!--##crossword-hint-layer-content-text## end-->\n                      <!--##crossword-hint-layer-content-img## begin-->\n                      <div class=\"hint-img\">##content##</div>\n                      <!--##crossword-hint-layer-content-img## end-->\n                  <!--##crossword-hint-layer-content## end-->\n              </div>\n              <!--##crossword-hint-layer## end-->\n\n              <!--##crossword-clues-hor## begin-->\n              <div class=\"clue-list-hor\">\n                  <h2>Across</h2>\n                  <!--##crossword-clues-hor-item## begin-->\n                  <div><div class=\"clue-enum\">##enum##</div><div class='clue-paragraph'>##content##</div></div>\n                  <!--##crossword-clues-hor-item## end-->\n              </div>\n              <!--##crossword-clues-hor## end-->\n\n              <!--##crossword-clues-ver## begin-->\n              <div class=\"clue-list-ver\">\n                  <h2>Down</h2>\n                  <!--##crossword-clues-ver-item## begin-->\n                  <div><div class=\"clue-enum\">##enum##</div><div class='clue-paragraph'>##content##</div></div>\n                  <!--##crossword-clues-ver-item## end-->\n              </div>\n              <!--##crossword-clues-ver## end-->\n\n          <!--##wordsearch_toolbar## begin-->\n          <div id=\"wordsearch_toolbar\">\n            <!--##wordsearch_toolbar_item## begin-->\n            <div class=\"button\">Erase</div>\n            <!--##wordsearch_toolbar_item## end-->\n            <div style='clear:both'></div>\n          </div>\n          <!--##wordsearch_toolbar## end-->\n\n          <!--##writing## begin-->\n          <div class=\"writing_view\">\n            <table>\n              <tbody>\n              <tr>\n                <td class=\"left_col\">\n                  <div class=\"fw_nav\">\n                    <ul>\n                    </ul>\n                  </div>\n                </td>\n                <td class=\"right_col\"></td>\n              </tr>\n              </tbody>\n            </table>\n          </div>\n          <!--##writing## end-->\n\n          <!--##writing-item-button## begin-->\n          <li class=\"fww_showitem\"><a class=\"fw_nav_selected\"></a></li>\n          <!--##writing-item-button## end-->\n\n          <!--##scoredisplay## begin-->\n          <div class=\"scoredisplay\"><div class=\"scorebox\"><span class=\"sd_yourscore\"></span><span class=\"sd_totalscore\"></span></div></div>\n          <!--##scoredisplay## end-->\n\n        </div><!--END #content-->\n          <div id=\"media\">\n          </div>\n      </div><!--END #content-wrap-->\n      <div id=\"activity_controls\">\n          <div id=\"micro_controls\">\n              <a id=\"btn_check\" class=\"btn\" href=\"#\" title=\"Click to see which answers you've got right.\">Check answers</a>\n              <a id=\"btn_answers\" class=\"btn\" href=\"#\" title=\"Click to see all correct answers.\">See answers</a>\n              <a id=\"btn_retry\" class=\"btn\" href=\"#\" title=\"Click to remove incorrect answers\">Try again</a>\n              <a id=\"btn_reveal\" class=\"btn\" href=\"#\" title=\"Click to see reveal object\">Reveal</a>\n          </div>\n          <div id=\"macro_controls\">\n          </div>\n          <div id=\"page_controls\">\n            <a id=\"btn_previous\" class=\"btn\" href=\"#\"></a>\n\n            <span id=\"pagination\">\n              <ul>\n                <li><span class=\"current_page\">2</span>of 3</li>\n              </ul>\n            </span>\n            <a id=\"btn_forward\" class=\"btn\" href=\"#\"></a>\n\n          </div>\n          <div class=\"clear\"></div>\n      </div><!--END #activity_controls-->\n      <div id=\"oup_footer\">\n          <p>Copyright &#169; Oxford University Press, 2012. All Rights Reserved.</p>\n      </div>\n\n  </div><!--END #activity-->\n\n\n  <div id=\"activity\" class=\"DragDrop\">\n    <!--\n      wordpool, can have a h1.title element which will be filled with the title (don't know yet where it will come from)\n      must contain a .drags element, inside this one the drags will be appended\n      top element will get a alignment_right, _top, _left, _bottom class, depending where it is placed\n\n      !wordpool is not used, to complex to get all possible variations!\n    -->\n    <!-- ##wordpool## -->\n      <div class=\"wordpool\">\n        <div class=\"drags\">\n\n        </div>\n        <div style=\"clear: both\"></div>\n      </div>\n    <!-- ##wordpool## end -->\n    <!--\n      wordpool_float, can have a h1.title element which will be filled with the title (don't know yet where it will come from)\n      must contain a .drags element, inside this one the drags will be appended\n\n      !not used!\n    -->\n    <!-- ##wordpool_float## -->\n      <div class=\"wordpool float\">\n        <h1 class=\"title\">Wordpool</h1>\n        <div class=\"drags\">\n\n        </div>\n        <div style=\"clear: both\"></div>\n      </div>\n    <!-- ##wordpool_float## end -->\n\n\n    <!--\n      drop area is the target area for a drag element. must have a .drag_holder element\n      where the drag is placed.\n      a .content element will be appended if the target contains some media.\n     -->\n    <!-- ##drop_area## -->\n      <div class=\"\">\n        <div class=\"drag_holder\"></div>\n      </div>\n    <!-- ##drop_area## end -->\n  </div>\n\n  <!-- ##tgm_panel## begin -->\n  <div class=\"click panel\">\n    <div class=\"front\">\n      <table>\n        <tbody>\n          <tr>\n            <td>\n              <!-- ##tgm_front## begin --><p>Ride a horse</p><!-- ##tgm_front## end -->\n            </td>\n          </tr>\n        </tbody>\n      </table>\n    </div>\n    <div class=\"back\">\n    </div>\n  </div>\n  <!-- ##tgm_panel## end -->\n\n  <!-- ##video_widget## begin -->\n  <div class=\"largevideo v_a_media\">\n  \t<div class=\"video_wrapper\">\n  \t\t\t<div class=\"replay\">\n  \t\t\t\t<a class=\"play\">replay video</a>\n  \t\t\t</div>\n  \t\t<div class=\"video_header\">\n  \t\t</div>\n  \t\t<div class=\"the_video\"></div>\n  \t\t<div class=\"video_footer\">\n  \t\t\t<div class=\"progress_area\">\n  \t\t\t\t<div class=\"progress_downloaded\" style=\"width: 100%; \"></div>\n  \t\t\t\t<div class=\"progress_played\" style=\"width: 0%; \"></div>\n  \t\t\t</div>\n  \t\t\t<div class=\"play_wrap\"><a class=\"play\"></a></div>\n  \t\t\t<div class=\"volume\">\n  \t\t\t\t<ul class=\"mute_button\">\n  \t\t\t\t\t<li class=\"vol1\"></li><li class=\"vol2\"></li><li class=\"vol3\"></li><li class=\"vol4\"></li><li class=\"vol5\"></li><li class=\"vol6\"></li><li class=\"vol7\"></li><li class=\"vol8\"></li><li class=\"vol9\"></li><li class=\"vol10\"></li>\n  \t\t\t\t</ul>\n  \t\t\t</div> <!-- end volume -->\n\n  \t\t\t<div class=\"timer\"><span class=\"current_time\">00:00</span> / <span class=\"duration\">00:00</span></div>\n  \t\t</div><!-- end video_footer -->\n  \t\t<div class=\"video_extras\">\n  \t\t\t<div class=\"button_holder\">\n  \t\t\t\t<p class=\"extras_button transcript_button\">Transcript</p>\n  \t\t\t\t<p class=\"extras_button\">Subtitles</p>\n  \t\t\t\t<p class=\"extras_button\">Language</p>\n  \t\t\t</div>\n  \t\t\t<div id=\"transcript\" style=\"display: none; \">\n\n  \t\t\t</div>\n  \t\t</div>\n  \t</div><!-- End video_wrapper -->\n  \t</div>\n  <!-- ##video_widget## end -->\n\n  <!-- ##audio_widget## begin -->\n  <div class=\"v_a_media\">\n    <div class=\"media_top audio_media audio_media3\">\n    \t<div class=\"audio_wrapper audio_wrapper3 audio_wrapper_has_transcript\">\n    \t\t<div class=\"audio_header\">\n    \t\t</div>\n    \t\t<div class=\"the_audio\">\n    \t\t</div>\n    \t\t<div class=\"video_footer\">\n    \t\t\t<div class=\"progress_area\">\n    \t\t\t\t<div class=\"progress_downloaded\" style=\"width: 100%; \"></div>\n    \t\t\t\t<div class=\"progress_played\" style=\"width: 0%; \"></div>\n    \t\t\t</div>\n    \t\t\t<div class=\"play_wrap\"><a class=\"play\"></a></div>\n    \t\t\t<div class=\"volume\">\n    \t\t\t\t<ul class=\"mute_button volume_button\">\n    \t\t\t\t\t<li class=\"vol1\"></li><li class=\"vol2\"></li><li class=\"vol3\"></li><li class=\"vol4\"></li><li class=\"vol5\"></li><li class=\"vol6\"></li><li class=\"vol7\"></li><li class=\"vol8\"></li><li class=\"vol9\"></li><li class=\"vol10\"></li>\n    \t\t\t\t</ul>\n    \t\t\t</div> <!-- end volume -->\n    \t\t\t<div class=\"timer\"><span class=\"current_time\">00:00</span> / <span class=\"duration\">00:00</span></div>\n    \t\t\t<div class=\"video_extras\">\n    \t\t\t<div class=\"button_holder\">\n    \t\t\t\t<p class=\"extras_button transcript_button\" style=\"\">Transcript</p>\n    \t\t\t</div>\n    \t\t</div>\n    \t\t<div class=\"audio_transcript\" style=\"display: none; \">\n        \t\t\t\t\t</div>\n    \t\t</div><!-- end video_footer -->\n    \t</div><!-- End audio_wrapper -->\n    </div>\n  </div>\n  <!-- ##audio_widget## end -->\n\n    <!--##ebook_pages## begin-->\n    <div class=\"pages\">\n        <div class=\"go-bar go-next\"></div>\n        <div class=\"go-bar go-previous\"></div>\n    </div>\n    <div class=\"pages-spinner\"></div>\n    <!--##ebook_pages## end-->\n\n    <!--##ebook_toolbar## begin-->\n    <div id=\"audio-toolbar\">\n      <div id=\"audio-toolbar-inner\">\n        <div class=\"back\"></div>\n        <div class=\"play_wrap\"><a class=\"play\"></a></div>\n        <div class=\"progress_area\">\n          <div class=\"progress_downloaded\" style=\"width: 100%; \"></div>\n          <div class=\"progress_played\" style=\"width: 0%; \"></div>\n        </div>\n        <div class=\"timer\"><span class=\"current_time\">00:00</span> / <span class=\"duration\">00:00</span></div>\n        <div class=\"volume\">\n          <ul class=\"mute_button volume_button\">\n            <li class=\"vol1\"></li><li class=\"vol2\"></li><li class=\"vol3\"></li><li class=\"vol4\"></li><li class=\"vol5\"></li><li class=\"vol6\"></li><li class=\"vol7\"></li><li class=\"vol8\"></li><li class=\"vol9\"></li><li class=\"vol10\"></li>\n          </ul>\n        </div>\n        <div class=\"stop\"></div>\n      </div>\n    </div>\n    <div class=\"pull-left\">\n        <button class=\"btn go-previous\"><span class=\"tooltip\">Previous</span>\n        </button><button class=\"btn go-next\"><span class=\"tooltip\">Next</span>\n        </button>\n    </div>\n\n    <div class=\"pull-right\">\n        <button class=\"btn go-previous\"><span class=\"tooltip\">Previous</span>\n        </button><button class=\"btn go-next\"><span class=\"tooltip\">Next</span>\n        </button>\n    </div>\n\n    <div class=\"center\"><div class=\"center-wrap\">\n        <span class=\"group\">\n\n            <button class=\"btn resources\">Resources<span class=\"tooltip\">Linked resources</span></button>\n\n        </span><span class=\"group\">\n\n            <button class=\"btn notes\"><span class=\"tooltip\">My Notes</span>\n            </button><button class=\"btn bookmarks\"><span class=\"tooltip\">Bookmarks</span>\n            </button><a class=\"btn tools\"><span class=\"tooltip\">Annotation tools</span>\n            </a>\n\n        </span><span class=\"group\">\n\n            <button class=\"btn full-screen\"><span class=\"tooltip\">Fullscreen</span>\n            </button><div class=\"per-screen-switch\">\n                <label class=\"single-page gui-fancy\">\n                    <input type=\"radio\" value=\"1\" name=\"pages-per-screen\"/>\n                    <span class=\"check\" data-value=\"1\"></span>\n                    <span class=\"tooltip\">Single page</span>\n                </label>\n                <label class=\"dual-page gui-fancy\">\n                    <input type=\"radio\" value=\"2\" name=\"pages-per-screen\"/>\n                    <span class=\"check checked\" data-value=\"2\"></span>\n                    <span class=\"tooltip\">Double page</span>\n                </label>\n            </div><button class=\"btn hand\"><span class=\"tooltip\">Hand tool</span>\n            </button><button class=\"btn marquee-zoom\"><span class=\"tooltip\">Magnify tool</span>\n            </button><button class=\"btn zoom-in\"><span class=\"tooltip\">Zoom in</span>\n            </button><button class=\"btn zoom-out\"><span class=\"tooltip\">Zoom out</span>\n            </button><button class=\"btn fullscreen\"><span class=\"tooltip\">Reset view</span>\n            </button>\n\n        </span><span class=\"group\">\n\n            <button class=\"btn go-toc\"><span class=\"tooltip\">Table of contents</span></button>\n            <form class=\"go-page\">\n                <input type=\"text\" class=\"gui-input current-page\" placeholder=\"Go to page\" autocomplete=\"off\" />\n                <span class=\"tooltip\">Go&nbsp;to page</span>\n            </form>\n\n        </span>\n    </div></div>\n    <!--##ebook_toolbar## end-->\n\n    <!--##ebook_toc## begin-->\n    <div class=\"modal-header\">\n         <button type=\"button\" class=\"close gui-fancy\" data-dismiss=\"modal\" aria-hidden=\"true\" title=\"Close\"></button>\n         <h3>Table of Contents</h3>\n    </div>\n    <div class=\"modal-body\">\n      <ol class=\"toc\"></ol>\n    </div>\n    <div class=\"modal-footer\">\n    </div>\n    <!--##ebook_toc## end-->\n\n    <!--##ebook_toc_entry## begin-->\n    <div class=\"clearfix\">\n        <strong><span class=\"title\"></span></strong>\n        <span class=\"page-number\"></span>\n    </div>\n    <ol></ol>\n    <!--##ebook_toc_entry## end-->\n\n    <!--##ebook_hotspot_tip## begin-->\n    <div class=\"modal hide fade\" tabindex=\"-1\" role=\"dialog\" aria-labelledby=\"tip\" aria-hidden=\"true\">\n        <div class=\"modal-header\">\n            <button type=\"button\" class=\"close gui-fancy\" data-dismiss=\"modal\" aria-hidden=\"true\"></button>\n            <h3>Tip</h3>\n        </div>\n        <div class=\"modal-body\">\n        </div>\n        <div class=\"modal-footer\">\n            <button class=\"btn\" data-dismiss=\"modal\" aria-hidden=\"true\">Close</button>\n        </div>\n    </div>\n    <!--##ebook_hotspot_tip## end-->\n\n    <!--##ebook_notes## begin-->\n    <div class=\"modal-body\">\n        <div class=\"ebook-notes gui-landmark\">\n          <div class=\"bb-bookblock gui-landmark\">\n              <div class=\"bb-item gui-landmark gui-fill\"></div>\n              <div class=\"bb-item gui-landmark gui-fill\"></div>\n              <div class=\"bb-item gui-landmark gui-fill\"></div>\n          </div>\n          <div class=\"notebook-label gui-landmark\">\n            <h3 class=\"gui-landmark\">My Notes</h3>\n          </div>\n          <button type=\"button\" class=\"close gui-fancy gui-landmark\" data-dismiss=\"modal\" aria-hidden=\"true\" title=\"Close\"></button>\n          <span class=\"scroller prev gui-landmark gui-fancy\" aria-hidden=\"true\" title=\"Previous page\"></span>\n          <span class=\"scroller next gui-landmark gui-fancy\" aria-hidden=\"true\" title=\"Next page\"></span>\n          <div class=\"controls gui-landmark\">\n            <span class=\"save gui-fancy\">Save changes</span>\n            <span class=\"export gui-fancy\">Export</span>\n          </div>\n        </div>\n    </div>\n    <!--##ebook_notes## end-->\n\n    <!--##ebook_resourcesPanel## begin-->\n    <div class=\"modal-header\">\n         <button type=\"button\" class=\"close gui-fancy\" data-dismiss=\"modal\" aria-hidden=\"true\" title=\"Close\"></button>\n         <h3>Resources</h3>\n    </div>\n    <div class=\"modal-body\">\n        <iframe frameborder='0' width='100%' height='100%'></iframe>\n    </div>\n    <div class=\"modal-footer\">\n    </div>\n    <!--##ebook_resourcesPanel## end-->\n\n    <!--##ebook_bookmarks## begin-->\n    <div class=\"modal-header\">\n         <button type=\"button\" class=\"close gui-fancy\" data-dismiss=\"modal\" aria-hidden=\"true\" title=\"Close\"></button>\n         <h3>My Bookmarks</h3>\n         <button class=\"btn add-bookmark\">Bookmark this page</button>\n         <button class=\"btn remove-bookmark\">Unbookmark this page</button>\n    </div>\n    <div class=\"modal-body\">\n        <ul></ul>\n    </div>\n    <div class=\"modal-footer\">\n    </div>\n    <!--##ebook_bookmarks## end-->\n</div>\n"}