<?xml version="1.0" encoding="UTF-8"?><LearningObjectInfo>
    <UID>ava-ken_149724</UID>
    <ID>149724</ID>
    <mediaURL/>
    <name>blg6_iwbk_u2_5ski_3wri</name>
    <xmls/>
    <screens>
        <screen>
            <name>cat604711.xml</name>
            <metadata>
                <lom xmlns:xsi="http://www.w3.org/2001/XMLSchema-instance" type="accordion" xsi:noNamespaceSchemaLocation="lom.xsd">
                    <group name="Général"/>
                    <group name="Collections"/>
                    <group name="Ressources communicatives"/>
                    <group name="Ressources grammaticales"/>
                    <group name="Thématiques"/>
                    <group name="Formation"/>
                </lom>
            </metadata>
            <helpText/>
        </screen>
    </screens>
    <metadata>
        <lom xmlns:xsi="http://www.w3.org/2001/XMLSchema-instance" type="accordion" xsi:noNamespaceSchemaLocation="lom.xsd">
            <group name="Général">
                <item title="Niveau">
                    <value description="A1" key="Niveau 01"/>
                    <value description="A2" key="Niveau 02"/>
                </item>
                <item title="Public">
                    <value description="Adolescents" key="Public 02"/>
                </item>
                <item title="Utilisateur">
                    <value description="Etudiant + Professeur" key="Utilisateur 02"/>
                </item>
                <item title="Ressources">
                    <value description="Images" key="Ressource type 03"/>
                </item>
                <item title="Keywords">
                    <value description="writing, description physique"/>
                </item>
            </group>
            <group name="Collections"/>
            <group name="Ressources communicatives"/>
            <group name="Ressources grammaticales"/>
            <group name="Thématiques"/>
            <group name="Formation">
                <item title="Mode"/>
            </group>
        </lom>
    </metadata>
    <LOOptions>&lt;options&gt;&lt;option id="046" key="1_point_action" /&gt;&lt;option id="047" key="false" /&gt;&lt;option id="050" key="auto" /&gt;&lt;option id="315" key="2" /&gt;&lt;option id="040" key="normal" /&gt;&lt;option id="311" key="always" /&gt;&lt;option id="334" key="always" value="{&amp;quot;items&amp;quot;:[{&amp;quot;label&amp;quot;:&amp;quot;&amp;quot;},{&amp;quot;label&amp;quot;:&amp;quot;&amp;quot;}],&amp;quot;selection&amp;quot;:&amp;quot;always&amp;quot;}" /&gt;&lt;option id="335" key="off" /&gt;&lt;option id="342" key="off" /&gt;&lt;option id="312" key="on" /&gt;&lt;option id="313" key="on" /&gt;&lt;option id="025" key="true" /&gt;&lt;option id="336" key="always" /&gt;&lt;option id="352" key="[&amp;quot;French&amp;quot;]" /&gt;&lt;option id="388" key="off" /&gt;&lt;option id="351" key="[]" /&gt;&lt;option id="380" key="false" /&gt;&lt;option id="381" key="false" /&gt;&lt;option id="418" key="[&amp;quot;ebook&amp;quot;]" /&gt;&lt;/options&gt;</LOOptions>
    <skin>DifusionEMDL</skin>
    <mode>Normal</mode>
    <title>Chek your skills. Writing</title>
    <assetCDNURL>media</assetCDNURL>
    <type>Standard</type>
    <toolbeltServer>//toolbelt-test.avallain.com</toolbeltServer>
    <tts>{"TTS_AUDIO_VOICE":"Acapela Telecom HQ TTS English (UK) (Rachel 22 kHz)","TTS_AUDIO_SERVICE_URL":"http://author.tts.avallain.com/api/tts"}</tts>
    <lnrCDNURL>http://lnr-runtime-assets.s3-website-eu-west-1.amazonaws.com</lnrCDNURL>
    <lnrServer>lnr-runtime.author5.avallain.com</lnrServer>
    <ckeditorRelative>false</ckeditorRelative>
    <lang>en</lang>
    <lmsApis>Console</lmsApis>
    <engine>
        <version>buckminster-2.20.4</version>
        <downloadURL>https://author-engine-production.avallain.net/buckminster-2.20.4/engine.zip</downloadURL>
        <root>https://author-engine-production.avallain.net/buckminster-2.20.4/</root>
    </engine>
    <designPack>
        <version>difusion-emdl-1.11</version>
        <downloadURL>http://d3me36hr0bdt58.cloudfront.net/designpack/DifusionEMDL/7a4f439c28238088030f792016008b1e</downloadURL>
        <root>//d3me36hr0bdt58.cloudfront.net/designpack/difusion_emdl/7a4f439c28238088030f792016008b1e/</root>
        <type>git</type>
    </designPack>
    <dependencies/>
</LearningObjectInfo>
