<?xml version="1.0" encoding="UTF-8"?><LearningObjectInfo>
    <UID>oup-oxed-uat_131835</UID>
    <ID>131835</ID>
    <mediaURL/>
    <name>history_book_with_hotspots</name>
    <xmls/>
    <screens>
        <screen>
            <name>cat850015.xml</name>
            <resources/>
        </screen>
    </screens>
    <LOOptions>&lt;options&gt;&lt;option id="046" key="1_point_action" /&gt;&lt;option id="047" key="false" /&gt;&lt;option id="050" key="true" /&gt;&lt;option id="040" key="normal" /&gt;&lt;option id="311" key="false" /&gt;&lt;option id="334" key="off" value="{&amp;quot;items&amp;quot;:[],&amp;quot;selection&amp;quot;:&amp;quot;off&amp;quot;}" /&gt;&lt;option id="335" key="off" /&gt;&lt;option id="342" key="off" /&gt;&lt;option id="312" key="off" /&gt;&lt;option id="346" key="custom" value="" /&gt;&lt;option id="347" key="custom" value="" /&gt;&lt;option id="348" key="custom" value="" /&gt;&lt;option id="349" key="custom" value="" /&gt;&lt;option id="313" key="on" /&gt;&lt;option id="025" key="true" /&gt;&lt;option id="336" key="always" /&gt;&lt;option id="352" key="[]" /&gt;&lt;option id="383" key="off" /&gt;&lt;option id="384" key="
 
 
  {&amp;amp;quot;items&amp;amp;quot;:[{&amp;amp;quot;label&amp;amp;quot;:&amp;amp;quot;&amp;amp;quot;}]}
 
" /&gt;&lt;option id="351" key="[&amp;quot;MathML&amp;quot;]" /&gt;&lt;option id="024" key="[&amp;quot;0&amp;quot;,&amp;quot;1&amp;quot;]" /&gt;&lt;option id="385" key="score" /&gt;&lt;option id="391" key="last" /&gt;&lt;option id="418" key="[&amp;quot;ebook&amp;quot;]" /&gt;&lt;/options&gt;</LOOptions>
    <skin>OxedEbook</skin>
    <mode>Normal</mode>
    <courseID>11755</courseID>
    <title>Conflict and Tension 1918-1939</title>
    <assetCDNURL>https://assets-runtime-production-oxed-oup.avallain.net</assetCDNURL>
    <type>ebook</type>
    <toolbeltServer>//toolbelt-test.avallain.com</toolbeltServer>
    <geoGebra>//author-engine-production.avallain.net/geogebra/v5/HTML5/5.0/web/</geoGebra>
    <mathJAX>//author-engine-production.avallain.net/mathjax/2.7.1/</mathJAX>
    <tts>{"TTS_AUDIO_VOICE":"Acapela Telecom HQ TTS English (UK) (Rachel 22 kHz)","TTS_AUDIO_SERVICE_URL":"http://author.tts.avallain.com/api/tts"}</tts>
    <lnrCDNURL>https://lnr-runtime-assets.s3-website-eu-west-1.amazonaws.com</lnrCDNURL>
    <lnrServer>lnr.runtime.oup-avallain-author.org</lnrServer>
    <ckeditorRelative>true</ckeditorRelative>
    <lang>en</lang>
    <lmsApis>Console</lmsApis>
    <engine>
        <version>buckminster-2.21.8</version>
        <downloadURL>../engine/engine.zip</downloadURL>
        <root>../engine/</root>
    </engine>
    <designPack>
        <version>oxed-book-ebook-0.23</version>
        <downloadURL>https://assets-runtime-production-oxed-oup.avallain.net/designpack/OxedEbook/228f40968c4010c9d48318a359064a4f</downloadURL>
        <root>skin/OxedEbook/</root>
        <type>git</type>
    </designPack>
    <resources/>
    <dependencies/>
</LearningObjectInfo>
