<LearningObjectInfo>
  <UID>ava-ken_114268</UID>
  <ID>114268</ID>
  <mediaURL></mediaURL>
  <name>vo1_ibk</name>
  <xmls/>
  <screens>
    <screen>
      <name>cat466387.xml</name>
      <metadata><lom xmlns:xsi="http://www.w3.org/2001/XMLSchema-instance" type="accordion" xsi:noNamespaceSchemaLocation="lom.xsd">	<group name="Général">		<item title="Niveau">														</item>		<item title="Public">											</item>		<item title="Utilisateur">								</item>				<item title="Ressources">											</item>		<item title="Keywords"/>	</group>	<group name="Collections">		<item title="Collection associée">																				</item>	</group>	<group name="Ressources communicatives">		<item title="Ressources communicatives A1">																																																														</item>		<item title="Ressources communicatives A2">																																																														</item>		<item title="Ressources communicatives B1">																																																														</item>		<item title="Ressources communicatives B2">																																																														</item>	</group>	<group name="Ressources grammaticales">		<item title="Ressources grammaticales A1">																																																														</item>		<item title="Ressources grammaticales A2">																																																														</item>		<item title="Ressources grammaticales B1">																																																														</item>			<item title="Ressources grammaticales B2">																																																														</item>	</group>	<group name="Thématiques">		<item title="Tous niveaux">																																																														</item>	</group>	<group name="Formation">		<item title="Module">																																																		</item>		<item title="Mode">								</item>	</group></lom></metadata>
    </screen>
  </screens>
  <LOOptions>&lt;options&gt;&lt;option id=&quot;046&quot; key=&quot;1_point_action&quot; /&gt;&lt;option id=&quot;047&quot; key=&quot;false&quot; /&gt;&lt;option id=&quot;050&quot; key=&quot;auto&quot; /&gt;&lt;option id=&quot;315&quot; key=&quot;2&quot; /&gt;&lt;option id=&quot;040&quot; key=&quot;normal&quot; /&gt;&lt;option id=&quot;311&quot; key=&quot;always&quot; /&gt;&lt;option id=&quot;334&quot; key=&quot;always&quot; /&gt;&lt;option id=&quot;335&quot; key=&quot;off&quot; /&gt;&lt;option id=&quot;342&quot; key=&quot;off&quot; /&gt;&lt;option id=&quot;312&quot; key=&quot;on&quot; /&gt;&lt;option id=&quot;313&quot; key=&quot;on&quot; /&gt;&lt;option id=&quot;025&quot; key=&quot;true&quot; /&gt;&lt;option id=&quot;336&quot; key=&quot;always&quot; /&gt;&lt;option id=&quot;352&quot; key=&quot;[&amp;quot;French&amp;quot;]&quot; /&gt;&lt;option id=&quot;388&quot; key=&quot;off&quot; /&gt;&lt;option id=&quot;351&quot; key=&quot;[]&quot; /&gt;&lt;option id=&quot;380&quot; key=&quot;false&quot; /&gt;&lt;option id=&quot;381&quot; key=&quot;false&quot; /&gt;&lt;option id=&quot;418&quot; key=&quot;[&amp;quot;ebook&amp;quot;]&quot; /&gt;&lt;/options&gt;</LOOptions>
  <skin>DifusionBook</skin>
  <commServer>{&#xd;
  red5: &quot;lnr-runtime.author5.avallain.com&quot;,&#xd;
  cdn: &quot;http://lnr-runtime-assets.s3-website-eu-west-1.amazonaws.com&quot;&#xd;
}</commServer>
  <mode>Normal</mode>
  <assetCDNURL>http://d3me36hr0bdt58.cloudfront.net</assetCDNURL>
  <type>ebook</type>
  <toolbeltURL>http://toolbelt-test.avallain.com</toolbeltURL>
  <tts>{&quot;TTS_AUDIO_VOICE&quot;:&quot;Acapela Telecom HQ TTS English (UK) (Rachel 22 kHz)&quot;,&quot;TTS_AUDIO_SERVICE_URL&quot;:&quot;http://author.tts.avallain.com/api/tts&quot;}</tts>
</LearningObjectInfo>