<?xml version="1.0" standalone="no"?>
<manifest   identifier="completionExample" version="1.0"
			xmlns="http://www.imsglobal.org/xsd/imscp_v1p1"
			xmlns:adlcp="http://www.adlnet.org/xsd/adlcp_v1p3"
			xmlns:adlseq="http://www.adlnet.org/xsd/adlseq_v1p3"
			xmlns:adlnav="http://www.adlnet.org/xsd/adlnav_v1p3"
			xmlns:imsss="http://www.imsglobal.org/xsd/imsss"
			xmlns:xsi="http://www.w3.org/2001/XMLSchema-instance"
			xsi:schemaLocation="http://www.imsglobal.org/xsd/imscp_v1p1 imscp_v1p1.xsd
			http://www.imsglobal.org/xsd/imsss imsss_v1p0.xsd
			http://www.adlnet.org/xsd/adlcp_v1p3 adlcp_v1p3.xsd
			http://www.adlnet.org/xsd/adlseq_v1p3 adlseq_v1p3.xsd
			http://www.adlnet.org/xsd/adlnav_v1p3 adlnav_v1p3.xsd" >

<metadata>
	<schema>ADL SCORM</schema>
	<schemaversion>2004 3rd Edition</schemaversion>
</metadata>

<organizations default="Santillana">
	<organization identifier="Santillana">
		<title>Unit 6 - Activity 3</title>
		<item identifier="grammar_item" identifierref="grammar_resource">
			<title>Unit 6 - Activity 3</title>
		</item>
	</organization>
</organizations>

<resources>
	<resource identifier="grammar_resource" adlcp:scormType="sco" href="index.html" type="webcontent">
		<file href="index.html"/>
		<file href="SCORM_API_wrapper.js"/>
	</resource>
</resources>

</manifest>
